{
    "mouse_location": {
        "x": 496.88732408412426,
        "y": 261.89379195710006
    }
}