{
    "mouse_location": {
        "x": 613.635465593097,
        "y": 443.0620909150146
    }
}